{
    "content" : [
        {
      "li" : "Foldable Samsung Phone To Cost Up To $2,500: Report"
    },
    {
    	"li":"HTC Wont Quit Smartphones, New Models Coming Soon"
    },
    {
    	"li":"Toronto startup develops app that locks phone until timer is up"
    },
    {
    	"li":"OPPOs Patented Foldable Smartphone Design Appears"
    },
    {
    	"li":"LG Partners With Top China Manufacturers On Foldable Phones"
    },
    {
    	"li":"Huawei and Samsung are neck and neck in the foldable smartphone race"
    },
    {
    	"li":"Samsung Is Working On A Galaxy G Line, Known Insider Claims"
    },
    {
    	"li":"Holidaying frog game finds fans among Chinas harried youth"
    },
    {
    	"li":"Phablet boom drives global smartphone market"
    },
    {
    	"li":"Tips from the pros: How to organize apps on your phone"
    },
    {
    	"li":"The Ultimate Android Phone Security Checklist"
    },
    {
        "li":"Samsung Galaxy A8s is official with an Infinity-O display with punch hole camera"
    },
    {
        "li":"Honor View 20 teased with an in-screen camera and a 48MP camera"
    },
    {
        "li":"Android 9.0 Pie rolling out to the Xiaomi Mi A1"
    },
    {
        "li":"Huawei Mate 20 Pro update improves photo quality, biometric unlocking"
    }
    ]
}