{
   "content" : [
        {
        	 "id": "div_one",
		     "images" : "Images/News/trending.jpg",
		     "head" : "Top 10 trending phones of the week",
		     "para" : "In our weekly chart of top 10 trending phones, there is some change as the Galaxy A7 (2018) takes the first spot.The Xiaomi Redmi Note 6 Pro comes in second up from 5th last week and it's rather expected given the popularity of the lineup, especially in India.The recently launched Huawei Mate 20 Pro remains in the top three, while OnePlus' latest flagship, the 6T, falls down to 4th. The crazy low price and flagship SoC, the Snapdragon 845, make the handset the crowd's favorite.The Honor 8X gains some positions from last week even surpassing the slider Xiaomi Mi Mix 3 and the quad-camera smartphone Galaxy A9 (2018). Probably due to its market expansion, big screen and affordable price.The chart ends with the Samsung Galaxy S8 and the Xiaomi Redmi 5 Pro."
		 },
		{
			"id": "div_two",
		   	"images" : "Images/News/iphonexs.jpg",
		    "head" : "Apple iPhone XS review",
		    "para" :"The iPhone XS has a lot to offer - with the new chipset and camera being the most advertised features. And more often than not those are not enough reasons to upgrade over the now discontinued X. And Apple probably knows it, too. Apple has made some significant improvements with the main camera - there is a new sensor with bigger pixels, a new signal processor, Smart HDR, adjustable bokeh post-shooting, and stereo audio in videos! Wow! Okay, we may be going overboard with this one, but what we mean is that it's good to see Apple catch up with them Pixels."
		}
	]
}


