{
    "content" : [
        {
            "td" : "Network",
            "td" : "Technology",
            "td" : "GSM/CDMA/HSPA/EVDO/LTE",
        },
        
        {
            "td" : "Launch",
            "td" : "Announced",
            "td" : "2018,February",
        },
        
        {
            "td" : "Status",
            "td" : "Available,Released 2018 March",
        },
        
        {
            "td" : "Dimensions",
            "td" : "158.1 x 73.8 x 8.5 mm (6.22 x 2.91 x 0.33 in)",
        },
       
        {
            "td" : "Weight",
            "td" : "189 g (6.67 oz)",
        },
        
        {
            "td" : "Build",
            "td" : "Front/back glass (Gorilla Glass 5), aluminum frame",
        },
        
        {
            "td" : "Sim",
            "td" : "Single SIM (Nano-SIM) or Hybrid Dual SIM (Nano-SIM, dual stand-by)",
        },
        
        {
            "td" : "Type",
            "td" : "Super AMOLED capacitive touchscreen, 16M colors",
        }
        
        
        
        
    ]
}